Name,Age,Location,Occupation
Liam Wilson,27,Chicago,Software Engineer
Ella Turner,32,Los Angeles,Marketing Manager
William Jackson,39,Chicago,Accountant
Sophia Adams,28,San Francisco,Graphic Designer
Lucas Wilson,45,Houston,Data Scientist
Olivia Hall,29,Boston,Teacher
Noah Martin,36,Denver,Architect
Charlotte Davis,34,Miami,Doctor
Ava Taylor,31,Seattle,Project Manager
Ella Turner,32,Los Angeles,Marketing Manager
William Jackson,39,Chicago,Accountant
Sophia Adams,28,San Francisco,Graphic Designer
Lucas Wilson,45,Houston,Data Scientist
Olivia Hall,29,Boston,Teacher
Olivia Hall,29,Boston,Teacher
Noah Martin,36,Denver,Architect
Charlotte Davis,34,Miami,Doctor
Ava Taylor,31,Seattle,Project Manager
Ella Turner,32,Los Angeles,Marketing Manager
William Jackson,39,Chicago,Accountant
Sophia Adams,28,San Francisco,Graphic Designer
Lucas Wilson,45,Houston,Data Scientist
Olivia Hall,29,Boston,Teacher
Noah Martin,36,Denver,Architect
Charlotte Davis,34,Miami,Doctor
Ava Taylor,31,Seattle,Project Manager
Ethan Anderson,41,New York,Software Engineer
Emma White,27,Los Angeles,UX Designer
Liam Johnson,33,Chicago,Financial Analyst
Oliver Brown,30,San Francisco,Product Manager
Mia Martinez,29,Houston,Interior Designer
James Jones,35,Boston,Marketing Director
Ava Wilson,38,Denver,Engineer
Sophia Thomas,32,Miami,Nurse
Logan Clark,44,Seattle,IT Consultant
Isabella Harris,28,New York,Web Developer
Lucas Lewis,37,Los Angeles,Real Estate Agent
Olivia Walker,31,Chicago,HR Manager
Noah Baker,40,San Francisco,Data Analyst
Charlotte Parker,36,Houston,Lawyer
William Garcia,39,Boston,Consultant
Amelia Taylor,43,Denver,Artist
Benjamin Turner,26,Miami,Pharmacist
Ella Miller,34,Seattle,Financial Planner
Henry Adams,42,New York,Professor
Sofia Scott,35,Los Angeles,Entrepreneur

Olivia Hall,29,Boston,Teacher
Noah Martin,36,Denver,Architect
Charlotte Davis,34,Miami,Doctor
Ava Taylor,31,Seattle,Project Manager
Ella Turner,32,Los Angeles,Marketing Manager
William Jackson,39,Chicago,Accountant
Sophia Adams,28,San Francisco,Graphic Designer
Lucas Wilson,45,Houston,Data Scientist
Olivia Hall,29,Boston,Teacher
Noah Martin,36,Denver,Architect
Charlotte Davis,34,Miami,Doctor
Ava Taylor,31,Seattle,Project Manager
Ethan Anderson,41,New York,Software Engineer
Emma White,27,Los Angeles,UX Designer
Liam Johnson,33,Chicago,Financial Analyst
Oliver Brown,30,San Francisco,Product Manager
Mia Martinez,29,Houston,Interior Designer
James Jones,35,Boston,Marketing Director
Ava Wilson,38,Denver,Engineer
Sophia Thomas,32,Miami,Nurse
Logan Clark,44,Seattle,IT Consultant
Isabella Harris,28,New York,Web Developer
Lucas Lewis,37,Los Angeles,Real Estate Agent
Olivia Walker,31,Chicago,HR Manager
Noah Baker,40,San Francisco,Data Analyst
Charlotte Parker,36,Houston,Lawyer
William Garcia,39,Boston,Consultant
Amelia Taylor,43,Denver,Artist
Benjamin Turner,26,Miami,Pharmacist
Ella Miller,34,Seattle,Financial Planner
Henry Adams,42,New York,Professor
Sofia Scott,35,Los Angeles,Entrepreneur
Olivia Hall,29,Boston,Teacher
Noah Martin,36,Denver,Architect
Charlotte Davis,34,Miami,Doctor
Ava Taylor,31,Seattle,Project Manager
Ella Turner,32,Los Angeles,Marketing Manager
William Jackson,39,Chicago,Accountant
Sophia Adams,28,San Francisco,Graphic Designer
Lucas Wilson,45,Houston,Data Scientist
Olivia Hall,29,Boston,Teacher
Noah Martin,36,Denver,Architect
Charlotte Davis,34,Miami,Doctor
Ava Taylor,31,Seattle,Project Manager
Ethan Anderson,41,New York,Software Engineer
Emma White,27,Los Angeles,UX Designer
Liam Johnson,33,Chicago,Financial Analyst
Oliver Brown,30,San Francisco,Product Manager
Mia Martinez,29,Houston,Interior Designer
James Jones,35,Boston,Marketing Director
Ava Wilson,38,Denver,Engineer
Sophia Thomas,32,Miami,Nurse
Logan Clark,44,Seattle,IT Consultant
Isabella Harris,28,New York,Web Developer
Lucas Lewis,37,Los Angeles,Real Estate Agent
Olivia Walker,31,Chicago,HR Manager
Noah Baker,40,San Francisco,Data Analyst
Charlotte Parker,36,Houston,Lawyer
William Garcia,39,Boston,Consultant
Amelia Taylor,43,Denver,Artist
Benjamin Turner,26,Miami,Pharmacist
Ella Miller,34,Seattle,Financial Planner
Henry Adams,42,New York,Professor
Sofia Scott,35,Los Angeles,Entrepreneur
Olivia Hall,29,Boston,Teacher
Noah Martin,36,Denver,Architect
Charlotte Davis,34,Miami,Doctor
Ava Taylor,31,Seattle,Project Manager
Ella Turner,32,Los Angeles,Marketing Manager
William Jackson,39,Chicago,Accountant
Sophia Adams,28,San Francisco,Graphic Designer
Lucas Wilson,45,Houston,Data Scientist
Olivia Hall,29,Boston,Teacher
Noah Martin,36,Denver,Architect
Charlotte Davis,34,Miami,Doctor
Ava Taylor,31,Seattle,Project Manager
Ethan Anderson,41,New York,Software Engineer
Emma White,27,Los Angeles,UX Designer
Liam Johnson,33,Chicago,Financial Analyst
Oliver Brown,30,San Francisco,Product Manager
Mia Martinez,29,Houston,Interior Designer
James Jones,35,Boston,Marketing Director
Ava Wilson,38,Denver,Engineer
Sophia Thomas,32,Miami,Nurse
Logan Clark,44,Seattle,IT Consultant
Isabella Harris,28,New York,Web Developer
Lucas Lewis,37,Los Angeles,Real Estate Agent
Olivia Walker,31,Chicago,HR Manager
Noah Baker,40,San Francisco,Data Analyst
Charlotte Parker,36,Houston,Lawyer
William Garcia,39,Boston,Consultant
Amelia Taylor,43,Denver,Artist
Benjamin Turner,26,Miami,Pharmacist
Ella Miller,34,Seattle,Financial Planner
Henry Adams,42,New York,Professor
Sofia Scott,35,Los Angeles,Entrepreneur

Noah Martin,36,Denver,Architect
Charlotte Davis,34,Miami,Doctor
Ava Taylor,31,Seattle,Project Manager
Ethan Anderson,41,New York,Software Engineer
Emma White,27,Los Angeles,UX Designer
Liam Johnson,33,Chicago,Financial Analyst
Oliver Brown,30,San Francisco,Product Manager
Mia Martinez,29,Houston,Interior Designer
James Jones,35,Boston,Marketing Director
Ava Wilson,38,Denver,Engineer
Sophia Thomas,32,Miami,Nurse
Logan Clark,44,Seattle,IT Consultant
Isabella Harris,28,New York,Web Developer
Lucas Lewis,37,Los Angeles,Real Estate Agent
Olivia Walker,31,Chicago,HR Manager
Noah Baker,40,San Francisco,Data Analyst
Charlotte Parker,36,Houston,Lawyer
William Garcia,39,Boston,Consultant
Amelia Taylor,43,Denver,Artist
Benjamin Turner,26,Miami,Pharmacist
Ella Miller,34,Seattle,Financial Planner
Henry Adams,42,New York,Professor
Sofia Scott,35,Los Angeles,Entrepreneur
